2862.1761851242927,-9.223372036854776e+18,-9.223372036854776e+18,3169.2256959815913
3011.7644084293215,-9.223372036854776e+18,3011.764408293495,3334.9744198580574
3169.2256961131757,-9.223372036854776e+18,3169.2256959815913,3509.446760775003
3334.9744199853553,-9.223372036854776e+18,3334.9744198580574,3693.1018564714896
3509.4467608979617,-9.223372036854776e+18,3509.446760775003,3886.4230098307344
3693.1018565900667,-9.223372036854776e+18,3693.1018564714896,4089.9189607298267
3886.423009944881,-9.223372036854776e+18,3886.4230098307344,4304.125224828836
4089.9189608394754,-9.223372036854776e+18,4089.9189607298267,4529.605502822583
4304.12522493391,-9.223372036854776e+18,4304.125224828836,4766.953163863503
4529.605502923021,-9.223372036854776e+18,4529.605502822583,5016.7928070594335
4766.953163959215,-9.223372036854776e+18,4766.953163863503,5279.78190515544
5016.792807150329,-9.223372036854776e+18,5016.7928070594335,5556.612534725303
5279.781905241404,-9.223372036854776e+18,5279.78190515544,5848.013197425586
5556.6125348062105,-9.223372036854776e+18,5556.612534725303,6154.750737105351
5848.013197501323,-9.223372036854776e+18,5848.013197425586,6477.632357816208
6154.750737175766,-9.223372036854776e+18,6154.750737105351,6817.507748033539
6477.632357881106,-9.223372036854776e+18,6477.632357816208,7175.271316678763
6817.507748092688,-9.223372036854776e+18,6817.507748033539,7551.864546827067
7175.271316731912,-9.223372036854776e+18,7175.271316678763,7948.278473294418
7551.864546873892,-9.223372036854776e+18,7551.864546827067,8365.55629062391
7948.278473334495,-9.223372036854776e+18,7948.278473294418,8804.796098334504
8365.556290656632,-9.223372036854776e+18,8365.55629062391,9267.153790656632
8804.796098359004,-9.223372036854776e+18,8804.796098334504,9753.846098359005
9267.153790656632,-9.223372036854776e+18,9267.153790656632,10266.153790671322
9753.846098334503,-9.223372036854776e+18,9753.846098359005,-9.223372036854776e+18
-9.223372036854775e+18,3011.764408293495,-9.223372036854776e+18,3011.7644084293215
-9.223372036854775e+18,3169.2256959815913,2862.1761851242927,3169.2256961131757
-9.223372036854775e+18,3334.9744198580574,3011.7644084293215,3334.9744199853553
-9.223372036854774e+18,3509.446760775003,3169.2256961131757,3509.4467608979617
-9.223372036854774e+18,3693.1018564714896,3334.9744199853553,3693.1018565900667
-9.223372036854774e+18,3886.4230098307344,3509.4467608979617,3886.423009944881
-9.223372036854774e+18,4089.9189607298267,3693.1018565900667,4089.9189608394754
-9.223372036854774e+18,4304.125224828836,3886.423009944881,4304.12522493391
-9.223372036854773e+18,4529.605502822583,4089.9189608394754,4529.605502923021
-9.223372036854773e+18,4766.953163863503,4304.12522493391,4766.953163959215
-9.223372036854773e+18,5016.7928070594335,4529.605502923021,5016.792807150329
-9.223372036854773e+18,5279.78190515544,4766.953163959215,5279.781905241404
-9.223372036854773e+18,5556.612534725303,5016.792807150329,5556.6125348062105
-9.223372036854772e+18,5848.013197425586,5279.781905241404,5848.013197501323
-9.223372036854772e+18,6154.750737105351,5556.6125348062105,6154.750737175766
-9.223372036854772e+18,6477.632357816208,5848.013197501323,6477.632357881106
-9.223372036854771e+18,6817.507748033539,6154.750737175766,6817.507748092688
-9.223372036854771e+18,7175.271316678763,6477.632357881106,7175.271316731912
-9.223372036854771e+18,7551.864546827067,6817.507748092688,7551.864546873892
-9.22337203685477e+18,7948.278473294418,7175.271316731912,7948.278473334495
-9.22337203685477e+18,8365.55629062391,7551.864546873892,8365.556290656632
-9.22337203685477e+18,8804.796098334504,7948.278473334495,8804.796098359004
-9.223372036854769e+18,9267.153790656632,8365.556290656632,9267.153790671322
8804.796098359004,9753.846098359005,8804.796098359004,9753.846098349193
9267.153790648441,10266.153790656632,9267.153790671322,-9.223372036854776e+18
-9.223372036854775e+18,2862.1761851242927,-9.223372036854776e+18,-9.223372036854775e+18
-9.223372036854775e+18,3011.7644084293215,-9.223372036854775e+18,-9.223372036854775e+18
-9.223372036854775e+18,3169.2256961131757,-9.223372036854775e+18,-9.223372036854774e+18
-9.223372036854775e+18,3334.9744199853553,-9.223372036854775e+18,-9.223372036854774e+18
-9.223372036854775e+18,3509.4467608979617,-9.223372036854774e+18,-9.223372036854774e+18
-9.223372036854775e+18,3693.1018565900667,-9.223372036854774e+18,-9.223372036854774e+18
-9.223372036854774e+18,3886.423009944881,-9.223372036854774e+18,-9.223372036854774e+18
-9.223372036854774e+18,4089.9189608394754,-9.223372036854774e+18,-9.223372036854773e+18
-9.223372036854774e+18,4304.12522493391,-9.223372036854774e+18,-9.223372036854773e+18
-9.223372036854774e+18,4529.605502923021,-9.223372036854773e+18,-9.223372036854773e+18
-9.223372036854774e+18,4766.953163959215,-9.223372036854773e+18,-9.223372036854773e+18
-9.223372036854773e+18,5016.792807150329,-9.223372036854773e+18,-9.223372036854773e+18
-9.223372036854773e+18,5279.781905241404,-9.223372036854773e+18,-9.223372036854772e+18
-9.223372036854773e+18,5556.6125348062105,-9.223372036854773e+18,-9.223372036854772e+18
-9.223372036854773e+18,5848.013197501323,-9.223372036854772e+18,-9.223372036854772e+18
-9.223372036854773e+18,6154.750737175766,-9.223372036854772e+18,-9.223372036854771e+18
-9.223372036854772e+18,6477.632357881106,-9.223372036854772e+18,-9.223372036854771e+18
-9.223372036854772e+18,6817.507748092688,-9.223372036854771e+18,-9.223372036854771e+18
-9.223372036854772e+18,7175.271316731912,-9.223372036854771e+18,-9.22337203685477e+18
-9.223372036854771e+18,7551.864546873892,-9.223372036854771e+18,-9.22337203685477e+18
-9.223372036854771e+18,7948.278473334495,-9.22337203685477e+18,-9.22337203685477e+18
-9.223372036854771e+18,8365.556290656632,-9.22337203685477e+18,-9.223372036854769e+18
-9.22337203685477e+18,8804.796098359004,-9.22337203685477e+18,8804.796098373647
8365.556290681103,9267.153790671322,-9.223372036854769e+18,9267.153790663115
8804.796098351702,9753.846098349193,8804.796098373647,-9.223372036854776e+18
2456.810798894466,-9.223372036854775e+18,-9.223372036854776e+18,-9.223372036854775e+18
2585.0640018539975,-9.223372036854775e+18,-9.223372036854775e+18,-9.223372036854775e+18
2720.0673733849576,-9.223372036854775e+18,-9.223372036854775e+18,-9.223372036854775e+18
2862.1761855175237,-9.223372036854774e+18,-9.223372036854775e+18,-9.223372036854775e+18
3011.7644088097604,-9.223372036854774e+18,-9.223372036854775e+18,-9.223372036854775e+18
3169.225696480673,-9.223372036854774e+18,-9.223372036854775e+18,-9.223372036854774e+18
3334.974420339773,-9.223372036854774e+18,-9.223372036854775e+18,-9.223372036854774e+18
3509.4467612391277,-9.223372036854774e+18,-9.223372036854774e+18,-9.223372036854774e+18
3693.1018569177895,-9.223372036854773e+18,-9.223372036854774e+18,-9.223372036854774e+18
3886.423010258951,-9.223372036854773e+18,-9.223372036854774e+18,-9.223372036854774e+18
4089.918961139672,-9.223372036854773e+18,-9.223372036854774e+18,-9.223372036854773e+18
4304.125225219985,-9.223372036854773e+18,-9.223372036854774e+18,-9.223372036854773e+18
4529.605503194691,-9.223372036854773e+18,-9.223372036854773e+18,-9.223372036854773e+18
4766.953164216159,-9.223372036854772e+18,-9.223372036854773e+18,-9.223372036854773e+18
5016.792807392169,-9.223372036854772e+18,-9.223372036854773e+18,-9.223372036854773e+18
5279.781905467758,-9.223372036854772e+18,-9.223372036854773e+18,-9.223372036854772e+18
5556.612535016606,-9.223372036854771e+18,-9.223372036854773e+18,-9.223372036854772e+18
5848.013197695195,-9.223372036854771e+18,-9.223372036854772e+18,-9.223372036854772e+18
6154.750737352428,-9.223372036854771e+18,-9.223372036854772e+18,-9.223372036854771e+18
6477.632358039769,-9.22337203685477e+18,-9.223372036854772e+18,-9.223372036854771e+18
6817.507748232347,-9.22337203685477e+18,-9.223372036854771e+18,-9.223372036854771e+18
7175.271316851212,-9.22337203685477e+18,-9.223372036854771e+18,-9.22337203685477e+18
7551.864546970939,-9.223372036854769e+18,-9.223372036854771e+18,8365.556290695735
7948.278473391615,8804.796098373647,-9.22337203685477e+18,8804.796098366352
8365.556290674405,9267.153790663115,8365.556290695735,-9.223372036854776e+18
2334.970256216651,-9.223372036854775e+18,-9.223372036854776e+18,2585.0640018539975
2456.810799029239,-9.223372036854775e+18,2456.810798894466,2720.0673733849576
2585.0640019845737,-9.223372036854775e+18,2585.0640018539975,2862.1761855175237
2720.0673735112955,-9.223372036854775e+18,2720.0673733849576,3011.7644088097604
2862.17618563957,-9.223372036854775e+18,2862.1761855175237,3169.225696480673
3011.764408927473,-9.223372036854775e+18,3011.7644088097604,3334.974420339773
3169.2256965939996,-9.223372036854774e+18,3169.225696480673,3509.4467612391277
3334.974420448636,-9.223372036854774e+18,3334.974420339773,3693.1018569177895
3509.4467613434645,-9.223372036854774e+18,3509.4467612391277,3886.423010258951
3693.101857017527,-9.223372036854774e+18,3693.1018569177895,4089.918961139672
3886.423010354006,-9.223372036854774e+18,3886.423010258951,4304.125225219985
4089.9189612299483,-9.223372036854773e+18,4089.918961139672,4529.605503194691
4304.125225305379,-9.223372036854773e+18,4304.125225219985,4766.953164216159
4529.6055032750655,-9.223372036854773e+18,4529.605503194691,5016.792807392169
4766.9531642914035,-9.223372036854773e+18,4766.953164216159,5279.781905467758
5016.792807462138,-9.223372036854773e+18,5016.792807392169,5556.612535016606
5279.781905532247,-9.223372036854772e+18,5279.781905467758,5848.013197695195
5556.612535075386,-9.223372036854772e+18,5556.612535016606,6154.750737352428
5848.0131977480105,-9.223372036854772e+18,5848.013197695195,6477.632358039769
6154.750737398976,-9.223372036854771e+18,6154.750737352428,6817.507748232347
6477.632358079604,-9.223372036854771e+18,6477.632358039769,7175.271316851212
6817.507748264876,-9.223372036854771e+18,6817.507748232347,7551.864546970939
7175.271316875565,-9.22337203685477e+18,7175.271316851212,7948.27847340622
7551.864546970939,8365.556290695735,7551.864546970939,8365.556290689037
7948.278473385354,8804.796098366352,7948.27847340622,-9.223372036854776e+18
2219.221740678238,2456.810798894466,-9.223372036854776e+18,2456.810799029239
2334.970256351154,2585.0640018539975,2334.970256216651,2585.0640019845737
2456.810799159559,2720.0673733849576,2456.810799029239,2720.0673735112955
2585.064002110659,2862.1761855175237,2585.0640019845737,2862.17618563957
2720.0673736331096,3011.7644088097604,2720.0673735112955,3011.764408927473
2862.176185757064,3169.225696480673,2862.17618563957,3169.2256965939996
3011.764409040577,3334.974420339773,3011.764408927473,3334.974420448636
3169.22569670266,3509.4467612391277,3169.2256965939996,3509.4467613434645
3334.974420552781,3693.1018569177895,3334.974420448636,3693.101857017527
3509.4467614430237,3886.423010258951,3509.4467613434645,3886.423010354006
3693.10185711241,4089.918961139672,3693.101857017527,4089.9189612299483
3886.42301044413,4304.125225219985,3886.423010354006,4304.125225305379
4089.9189613151943,4529.605503194691,4089.9189612299483,4529.6055032750655
4304.125225385638,4766.953164216159,4304.125225305379,4766.9531642914035
4529.605503350208,5016.792807392169,4529.6055032750655,5016.792807462138
4766.953164361248,5279.781905467758,4766.9531642914035,5279.781905532247
5016.792807526506,5556.612535016606,5016.792807462138,5556.612535075386
5279.781905590927,5848.013197695195,5279.781905532247,5848.0131977480105
5556.612535128136,6154.750737352428,5556.612535075386,6154.750737398976
5848.013197794483,6477.632358039769,5848.0131977480105,6477.632358079604
6154.7507374387305,6817.507748232347,6154.750737398976,6817.507748264876
6477.632358112085,7175.271316851212,6477.632358079604,7175.271316875565
6817.507748289194,7551.864546970939,6817.507748264876,7551.864546985534
7175.271316875565,7948.27847340622,7175.271316875565,7948.278473399969
7551.8645469650255,8365.556290689037,7551.864546985534,-9.223372036854776e+18
2109.2606508174645,2334.970256216651,-9.223372036854776e+18,2334.970256351154
2219.2217407033345,2456.810799029239,2219.221740678238,2456.810799159559
2334.970256351154,2585.0640019845737,2334.970256351154,2585.064002110659
-9.223372036854775e+18,2720.0673735112955,2456.810799159559,2720.0673736331096
-9.223372036854775e+18,2862.17618563957,2585.064002110659,2862.176185757064
-9.223372036854775e+18,3011.764408927473,2720.0673736331096,3011.764409040577
-9.223372036854775e+18,3169.2256965939996,2862.176185757064,3169.22569670266
-9.223372036854775e+18,3334.974420448636,3011.764409040577,3334.974420552781
-9.223372036854774e+18,3509.4467613434645,3169.22569670266,3509.4467614430237
-9.223372036854774e+18,3693.101857017527,3334.974420552781,3693.10185711241
-9.223372036854774e+18,3886.423010354006,3509.4467614430237,3886.42301044413
-9.223372036854774e+18,4089.9189612299483,3693.10185711241,4089.9189613151943
-9.223372036854774e+18,4304.125225305379,3886.42301044413,4304.125225385638
-9.223372036854773e+18,4529.6055032750655,4089.9189613151943,4529.605503350208
-9.223372036854773e+18,4766.9531642914035,4304.125225385638,4766.953164361248
-9.223372036854773e+18,5016.792807462138,4529.605503350208,5016.792807526506
-9.223372036854773e+18,5279.781905532247,4766.953164361248,5279.781905590927
-9.223372036854773e+18,5556.612535075386,5016.792807526506,5556.612535128136
-9.223372036854772e+18,5848.0131977480105,5279.781905590927,5848.013197794483
-9.223372036854772e+18,6154.750737398976,5556.612535128136,6154.7507374387305
-9.223372036854772e+18,6477.632358079604,5848.013197794483,6477.632358112085
-9.223372036854771e+18,6817.507748264876,6154.7507374387305,6817.507748289194
-9.223372036854771e+18,7175.271316875565,6477.632358112085,7175.271316890125
-9.223372036854771e+18,7551.864546985534,6817.507748289194,7551.864546979615
-9.22337203685477e+18,7948.278473399969,7175.271316890125,-9.223372036854776e+18
2004.7976154537794,2219.221740678238,-9.223372036854776e+18,2219.2217407033345
2109.260650842526,2334.970256351154,2109.2606508174645,2334.9702563661826
2219.2217407033345,2456.810799159559,2219.2217407033345,-9.223372036854775e+18
-9.223372036854775e+18,2585.064002110659,2334.9702563661826,-9.223372036854775e+18
-9.223372036854778e+18,2720.0673736331096,-9.223372036854775e+18,-9.223372036854775e+18
-9.223372036854778e+18,2862.176185757064,-9.223372036854775e+18,-9.223372036854775e+18
-9.223372036854778e+18,3011.764409040577,-9.223372036854775e+18,-9.223372036854775e+18
-9.223372036854778e+18,3169.22569670266,-9.223372036854775e+18,-9.223372036854774e+18
-9.223372036854778e+18,3334.974420552781,-9.223372036854775e+18,-9.223372036854774e+18
-9.223372036854778e+18,3509.4467614430237,-9.223372036854774e+18,-9.223372036854774e+18
-9.223372036854778e+18,3693.10185711241,-9.223372036854774e+18,-9.223372036854774e+18
-9.223372036854778e+18,3886.42301044413,-9.223372036854774e+18,-9.223372036854774e+18
-9.223372036854778e+18,4089.9189613151943,-9.223372036854774e+18,-9.223372036854773e+18
-9.223372036854778e+18,4304.125225385638,-9.223372036854774e+18,-9.223372036854773e+18
-9.223372036854778e+18,4529.605503350208,-9.223372036854773e+18,-9.223372036854773e+18
-9.223372036854778e+18,4766.953164361248,-9.223372036854773e+18,-9.223372036854773e+18
-9.223372036854778e+18,5016.792807526506,-9.223372036854773e+18,-9.223372036854773e+18
-9.223372036854778e+18,5279.781905590927,-9.223372036854773e+18,-9.223372036854772e+18
-9.223372036854778e+18,5556.612535128136,-9.223372036854773e+18,-9.223372036854772e+18
-9.223372036854778e+18,5848.013197794483,-9.223372036854772e+18,-9.223372036854772e+18
-9.223372036854778e+18,6154.7507374387305,-9.223372036854772e+18,-9.223372036854771e+18
-9.223372036854778e+18,6477.632358112085,-9.223372036854772e+18,-9.223372036854771e+18
-9.223372036854778e+18,6817.507748289194,-9.223372036854771e+18,-9.223372036854771e+18
-9.223372036854778e+18,7175.271316890125,-9.223372036854771e+18,-9.22337203685477e+18
-9.223372036854778e+18,7551.864546979615,-9.223372036854771e+18,-9.223372036854776e+18
1905.557731862018,2109.2606508174645,-9.223372036854776e+18,2109.260650842526
2004.797615478803,2219.2217407033345,2004.7976154537794,2219.221740718334
2109.260650842526,2334.9702563661826,2109.260650842526,-9.223372036854775e+18
2004.797615478803,-9.223372036854775e+18,2219.221740718334,-9.223372036854778e+18
1905.5577318870105,-9.223372036854775e+18,-9.223372036854775e+18,-9.223372036854778e+18
1811.2798424783668,-9.223372036854775e+18,-9.223372036854778e+18,-9.223372036854778e+18
1721.7158475436047,-9.223372036854775e+18,-9.223372036854778e+18,-9.223372036854778e+18
1636.6300523589832,-9.223372036854775e+18,-9.223372036854778e+18,-9.223372036854778e+18
1555.7985469369657,-9.223372036854774e+18,-9.223372036854778e+18,-9.223372036854778e+18
1479.008616789426,-9.223372036854774e+18,-9.223372036854778e+18,-9.223372036854778e+18
1406.0581831526533,-9.223372036854774e+18,-9.223372036854778e+18,-9.223372036854778e+18
1336.7552712011422,-9.223372036854774e+18,-9.223372036854778e+18,-9.223372036854778e+18
1270.9175048506638,-9.223372036854774e+18,-9.223372036854778e+18,-9.223372036854778e+18
1208.37162682121,-9.223372036854773e+18,-9.223372036854778e+18,-9.223372036854778e+18
1148.953042696785,-9.223372036854773e+18,-9.223372036854778e+18,-9.223372036854778e+18
1092.505387782184,-9.223372036854773e+18,-9.223372036854778e+18,-9.223372036854778e+18
1038.8801156169752,-9.223372036854773e+18,-9.223372036854778e+18,-9.223372036854778e+18
987.9361070637478,-9.223372036854773e+18,-9.223372036854778e+18,-9.223372036854778e+18
939.5392989419652,-9.223372036854772e+18,-9.223372036854778e+18,-9.223372036854778e+18
893.5623312301161,-9.223372036854772e+18,-9.223372036854778e+18,-9.223372036854778e+18
849.8842119077666,-9.223372036854772e+18,-9.223372036854778e+18,-9.223372036854778e+18
808.3899985555088,-9.223372036854771e+18,-9.223372036854778e+18,-9.223372036854778e+18
768.9704958749013,-9.223372036854771e+18,-9.223372036854778e+18,-9.223372036854778e+18
731.521968332427,-9.223372036854771e+18,-9.223372036854778e+18,-9.223372036854778e+18
695.9458671712455,-9.22337203685477e+18,-9.223372036854778e+18,-9.223372036854776e+18
1811.2798424534053,2004.7976154537794,-9.223372036854776e+18,2004.797615478803
1905.5577318870105,2109.260650842526,1905.557731862018,2109.260650857503
2004.797615478803,2219.221740718334,2004.797615478803,2004.7976154937644
1905.5577318870105,-9.223372036854775e+18,2109.260650857503,1905.5577319019508
1811.2798424783668,-9.223372036854778e+18,2004.7976154937644,1811.279842493286
1721.7158475436047,-9.223372036854778e+18,1905.5577319019508,1721.7158475585104
1636.6300523589832,-9.223372036854778e+18,1811.279842493286,1636.6300523738664
1555.7985469369657,-9.223372036854778e+18,1721.7158475585104,1555.7985469518337
1479.008616789426,-9.223372036854778e+18,1636.6300523738664,1479.0086168042744
1406.0581831526533,-9.223372036854778e+18,1555.7985469518337,1406.0581831674838
1336.7552712011422,-9.223372036854778e+18,1479.0086168042744,1336.7552712159563
1270.9175048506638,-9.223372036854778e+18,1406.0581831674838,1270.9175048654577
1208.37162682121,-9.223372036854778e+18,1336.7552712159563,1208.3716268359858
1148.953042696785,-9.223372036854778e+18,1270.9175048654577,1148.953042711541
1092.505387782184,-9.223372036854778e+18,1208.3716268359858,1092.5053877969224
1038.8801156169752,-9.223372036854778e+18,1148.953042711541,1038.8801156316918
987.9361070637478,-9.223372036854778e+18,1092.5053877969224,987.9361070784461
939.5392989419652,-9.223372036854778e+18,1038.8801156316918,939.5392989566426
893.5623312301161,-9.223372036854778e+18,987.9361070784461,893.5623312447722
849.8842119077666,-9.223372036854778e+18,939.5392989566426,849.884211922403
808.3899985555088,-9.223372036854778e+18,893.5623312447722,808.389998570122
768.9704958749013,-9.223372036854778e+18,849.884211922403,768.9704958894941
731.521968332427,-9.223372036854778e+18,808.389998570122,731.521968346998
695.9458671712455,-9.223372036854778e+18,768.9704958894941,695.9458671857944
662.148571072356,-9.223372036854778e+18,731.521968346998,-9.223372036854776e+18
1721.715847518674,1905.557731862018,-9.223372036854776e+18,1905.5577318870105
1811.2798424783668,2004.797615478803,1811.2798424534053,2004.7976154937644
1905.5577318870105,2109.260650857503,1905.5577318870105,1905.5577319019508
1811.2798424783668,2004.797615478803,2004.7976154937644,1811.279842493286
1721.7158475436047,1905.5577318870105,1905.5577319019508,1721.7158475585104
1636.6300523589832,1811.2798424783668,1811.279842493286,1636.6300523738664
1555.7985469369657,1721.7158475436047,1721.7158475585104,1555.7985469518337
1479.008616789426,1636.6300523589832,1636.6300523738664,1479.0086168042744
1406.0581831526533,1555.7985469369657,1555.7985469518337,1406.0581831674838
1336.7552712011422,1479.008616789426,1479.0086168042744,1336.7552712159563
1270.9175048506638,1406.0581831526533,1406.0581831674838,1270.9175048654577
1208.37162682121,1336.7552712011422,1336.7552712159563,1208.3716268359858
1148.953042696785,1270.9175048506638,1270.9175048654577,1148.953042711541
1092.505387782184,1208.37162682121,1208.3716268359858,1092.5053877969224
1038.8801156169752,1148.953042696785,1148.953042711541,1038.8801156316918
987.9361070637478,1092.505387782184,1092.5053877969224,987.9361070784461
939.5392989419652,1038.8801156169752,1038.8801156316918,939.5392989566426
893.5623312301161,987.9361070637478,987.9361070784461,893.5623312447722
849.8842119077666,939.5392989419652,939.5392989566426,849.884211922403
808.3899985555088,893.5623312301161,893.5623312447722,808.389998570122
768.9704958749013,849.8842119077666,849.884211922403,768.9704958894941
731.521968332427,808.3899985555088,808.389998570122,731.521968346998
695.9458671712455,768.9704958749013,768.9704958894941,695.9458671857944
662.148571072356,731.521968332427,731.521968346998,662.1485710868835
630.0411397827131,695.9458671712455,695.9458671857944,-9.223372036854776e+18
1636.6300523007642,1811.2798424534053,-9.223372036854776e+18,1811.2798424783668
-9.223372036854778e+18,1905.5577318870105,1721.715847518674,1905.5577319019508
-9.223372036854778e+18,2004.7976154937644,1811.2798424783668,1811.279842493286
-9.223372036854778e+18,1905.5577318870105,1905.5577319019508,1721.7158475585104
-9.223372036854778e+18,1811.2798424783668,1811.279842493286,1636.6300523738664
-9.223372036854778e+18,1721.7158475436047,1721.7158475585104,1555.7985469518337
-9.223372036854778e+18,1636.6300523589832,1636.6300523738664,1479.0086168042744
-9.223372036854778e+18,1555.7985469369657,1555.7985469518337,1406.0581831674838
-9.223372036854778e+18,1479.008616789426,1479.0086168042744,1336.7552712159563
1270.917504825917,1406.0581831526533,1406.0581831674838,1270.9175048654577
1208.371626796495,1336.7552712011422,1336.7552712159563,1208.3716268359858
1148.9530426721012,1270.9175048506638,1270.9175048654577,1148.953042711541
-9.223372036854778e+18,1208.37162682121,1208.3716268359858,1092.5053877969224
-9.223372036854778e+18,1148.953042696785,1148.953042711541,1038.8801156316918
-9.223372036854778e+18,1092.505387782184,1092.5053877969224,987.9361070784461
-9.223372036854778e+18,1038.8801156169752,1038.8801156316918,939.5392989566426
893.562331205597,987.9361070637478,987.9361070784461,893.5623312447722
849.8842118832833,939.5392989419652,939.5392989566426,849.884211922403
808.389998531061,893.5623312301161,893.5623312447722,808.389998570122
-9.223372036854778e+18,849.8842119077666,849.884211922403,768.9704958894941
-9.223372036854778e+18,808.3899985555088,808.389998570122,731.521968346998
-9.223372036854778e+18,768.9704958749013,768.9704958894941,695.9458671857944
-9.223372036854778e+18,731.521968332427,731.521968346998,662.1485710868835
630.0411397584518,695.9458671712455,695.9458671857944,630.0411397972163
599.5390800376947,662.148571072356,662.1485710868835,-9.223372036854776e+18
1555.7985468630584,1721.715847518674,-9.223372036854776e+18,-9.223372036854778e+18
-9.223372036854778e+18,1811.2798424783668,1636.6300523157565,-9.223372036854778e+18
-1.7985575471866817e+19,1905.5577319019508,-9.223372036854778e+18,-9.223372036854778e+18
-1.7985575471866817e+19,1811.2798424783668,-9.223372036854778e+18,-9.223372036854778e+18
-1.7985575471866817e+19,1721.7158475436047,-9.223372036854778e+18,-9.223372036854778e+18
-1.7985575471866817e+19,1636.6300523589832,-9.223372036854778e+18,-9.223372036854778e+18
-1.7985575471866817e+19,1555.7985469369657,-9.223372036854778e+18,-9.223372036854778e+18
-1.7985575471866817e+19,1479.008616789426,-9.223372036854778e+18,-9.223372036854778e+18
-9.223372036854778e+18,1406.0581831526533,-9.223372036854778e+18,1270.9175048407626
1208.3716267882276,1336.7552712011422,-9.223372036854778e+18,1208.3716268113205
1148.9530426638419,1270.9175048506638,1270.9175048407626,1148.9530426869076
1092.5053877492821,1208.37162682121,1208.3716268113205,-9.223372036854778e+18
-9.223372036854778e+18,1148.953042696785,1148.9530426869076,-9.223372036854778e+18
-1.7985575471866817e+19,1092.505387782184,-9.223372036854778e+18,-9.223372036854778e+18
-1.7985575471866817e+19,1038.8801156169752,-9.223372036854778e+18,-9.223372036854778e+18
-9.223372036854778e+18,987.9361070637478,-9.223372036854778e+18,893.5623312203054
849.8842118750938,939.5392989419652,-9.223372036854778e+18,849.884211897969
808.3899985228827,893.5623312301161,893.5623312203054,808.3899985457266
768.9704958423231,849.8842119077666,849.884211897969,-9.223372036854778e+18
-9.223372036854778e+18,808.3899985555088,808.3899985457266,-9.223372036854778e+18
-1.7985575471866817e+19,768.9704958749013,-9.223372036854778e+18,-9.223372036854778e+18
-1.7985575471866817e+19,731.521968332427,-9.223372036854778e+18,-9.223372036854778e+18
-9.223372036854778e+18,695.9458671712455,-9.223372036854778e+18,630.0411397730063
599.5390800295913,662.148571072356,-9.223372036854778e+18,599.5390800522243
570.5621232993183,630.0411397827131,630.0411397730063,-9.223372036854776e+18
1479.0086167013565,1636.6300523157565,-9.223372036854776e+18,-9.223372036854778e+18
-9.223372036854778e+18,-9.223372036854778e+18,1555.7985468780196,-1.7985575471866817e+19
-1.7985575471866817e+19,-9.223372036854778e+18,-9.223372036854778e+18,-1.7985575471866817e+19
-2.6309668735128252e+19,-9.223372036854778e+18,-1.7985575471866817e+19,-1.7985575471866817e+19
-2.6309668735128252e+19,-9.223372036854778e+18,-1.7985575471866817e+19,-1.7985575471866817e+19
-2.6309668735128252e+19,-9.223372036854778e+18,-1.7985575471866817e+19,-1.7985575471866817e+19
-2.6309668735128252e+19,-9.223372036854778e+18,-1.7985575471866817e+19,-1.7985575471866817e+19
-1.7985575471866817e+19,-9.223372036854778e+18,-1.7985575471866817e+19,-9.223372036854778e+18
-9.223372036854778e+18,-9.223372036854778e+18,-1.7985575471866817e+19,1208.371626803049
1148.9530426564754,1270.9175048407626,-9.223372036854778e+18,1148.9530426786457
1092.505387741926,1208.3716268113205,1208.371626803049,1092.505387764069
1038.880115576772,1148.9530426869076,1148.9530426786457,-9.223372036854778e+18
-9.223372036854778e+18,-9.223372036854778e+18,1092.505387764069,-1.7985575471866817e+19
-1.7985575471866817e+19,-9.223372036854778e+18,-9.223372036854778e+18,-1.7985575471866817e+19
-1.7985575471866817e+19,-9.223372036854778e+18,-1.7985575471866817e+19,-9.223372036854778e+18
-9.223372036854778e+18,-9.223372036854778e+18,-1.7985575471866817e+19,849.8842118897776
808.3899985155876,893.5623312203054,-9.223372036854778e+18,808.3899985375439
768.9704958350376,849.884211897969,849.8842118897776,768.9704958569635
731.5219682926249,808.3899985457266,808.3899985375439,-9.223372036854778e+18
-9.223372036854778e+18,-9.223372036854778e+18,768.9704958569635,-1.7985575471866817e+19
-1.7985575471866817e+19,-9.223372036854778e+18,-9.223372036854778e+18,-1.7985575471866817e+19
-1.7985575471866817e+19,-9.223372036854778e+18,-1.7985575471866817e+19,-9.223372036854778e+18
-9.223372036854778e+18,-9.223372036854778e+18,-1.7985575471866817e+19,599.5390800441171
570.5621232921025,630.0411397730063,-9.223372036854778e+18,570.5621233138199
543.0340144028512,599.5390800522243,599.5390800441171,-9.223372036854776e+18
1406.0581830514932,1555.7985468780196,-9.223372036854776e+18,-9.223372036854778e+18
-9.223372036854778e+18,-9.223372036854778e+18,1479.0086167162988,-1.7985575471866817e+19
-1.7985575471866817e+19,-1.7985575471866817e+19,-9.223372036854778e+18,-2.6309668735128252e+19
-2.6309668735128252e+19,-1.7985575471866817e+19,-1.7985575471866817e+19,-2.6309668735128252e+19
-2.6309668735128252e+19,-1.7985575471866817e+19,-2.6309668735128252e+19,-2.6309668735128252e+19
-2.6309668735128252e+19,-1.7985575471866817e+19,-2.6309668735128252e+19,-2.6309668735128252e+19
-2.6309668735128252e+19,-1.7985575471866817e+19,-2.6309668735128252e+19,-1.7985575471866817e+19
-1.7985575471866817e+19,-1.7985575471866817e+19,-2.6309668735128252e+19,-9.223372036854778e+18
-9.223372036854778e+18,-9.223372036854778e+18,-1.7985575471866817e+19,1148.953042671278
1092.505387735164,1208.371626803049,-9.223372036854778e+18,1092.5053877567102
1038.880115570016,1148.9530426786457,1148.953042671278,1038.8801155915353
987.936107016852,1092.505387764069,1092.5053877567102,-9.223372036854778e+18
-9.223372036854778e+18,-9.223372036854778e+18,1038.8801155915353,-1.7985575471866817e+19
-1.7985575471866817e+19,-1.7985575471866817e+19,-9.223372036854778e+18,-1.7985575471866817e+19
-1.7985575471866817e+19,-1.7985575471866817e+19,-1.7985575471866817e+19,-9.223372036854778e+18
-9.223372036854778e+18,-9.223372036854778e+18,-1.7985575471866817e+19,808.389998530247
768.9704958283393,849.8842118897776,-9.223372036854778e+18,768.9704958496767
731.5219682859366,808.3899985375439,808.389998530247,731.5219683072415
695.9458671248263,768.9704958569635,768.9704958496767,-9.223372036854778e+18
-9.223372036854778e+18,-9.223372036854778e+18,731.5219683072415,-1.7985575471866817e+19
-1.7985575471866817e+19,-1.7985575471866817e+19,-9.223372036854778e+18,-1.7985575471866817e+19
-1.7985575471866817e+19,-1.7985575471866817e+19,-1.7985575471866817e+19,-9.223372036854778e+18
-9.223372036854778e+18,-9.223372036854778e+18,-1.7985575471866817e+19,570.5621233066022
543.034014396228,599.5390800441171,-9.223372036854778e+18,543.0340144173284
516.8823109560155,570.5621233138199,570.5621233066022,-9.223372036854776e+18
1336.7552710876932,1479.0086167162988,-9.223372036854776e+18,-9.223372036854778e+18
-9.223372036854778e+18,-9.223372036854778e+18,1406.058183066415,-1.7985575471866817e+19
-1.7985575471866817e+19,-1.7985575471866817e+19,-9.223372036854778e+18,-2.6309668735128252e+19
-1.7985575471866817e+19,-2.6309668735128252e+19,-1.7985575471866817e+19,-2.6309668735128252e+19
-1.7985575471866817e+19,-2.6309668735128252e+19,-2.6309668735128252e+19,-2.6309668735128252e+19
-1.7985575471866817e+19,-2.6309668735128252e+19,-2.6309668735128252e+19,-2.6309668735128252e+19
-1.7985575471866817e+19,-2.6309668735128252e+19,-2.6309668735128252e+19,-1.7985575471866817e+19
-1.7985575471866817e+19,-1.7985575471866817e+19,-2.6309668735128252e+19,-9.223372036854778e+18
-9.223372036854778e+18,-9.223372036854778e+18,-1.7985575471866817e+19,1092.5053877499463
1038.8801155636938,1148.953042671278,-9.223372036854778e+18,1038.88011558478
987.9361070105382,1092.5053877567102,1092.5053877499463,987.9361070315955
939.5392988888254,1038.8801155915353,1038.88011558478,-9.223372036854778e+18
-9.223372036854778e+18,-9.223372036854778e+18,987.9361070315955,-1.7985575471866817e+19
-1.7985575471866817e+19,-1.7985575471866817e+19,-9.223372036854778e+18,-1.7985575471866817e+19
-1.7985575471866817e+19,-1.7985575471866817e+19,-1.7985575471866817e+19,-9.223372036854778e+18
-9.223372036854778e+18,-9.223372036854778e+18,-1.7985575471866817e+19,768.9704958429778
731.5219682796774,808.389998530247,-9.223372036854778e+18,731.5219683005528
695.945867118576,768.9704958496767,768.9704958429778,695.9458671394206
662.1485710197684,731.5219683072415,731.5219683005528,-9.223372036854778e+18
-9.223372036854778e+18,-9.223372036854778e+18,695.9458671394206,-1.7985575471866817e+19
-1.7985575471866817e+19,-1.7985575471866817e+19,-9.223372036854778e+18,-1.7985575471866817e+19
-1.7985575471866817e+19,-1.7985575471866817e+19,-1.7985575471866817e+19,-9.223372036854778e+18
-9.223372036854778e+18,-9.223372036854778e+18,-1.7985575471866817e+19,543.034014410704
516.8823109498253,570.5621233066022,-9.223372036854778e+18,516.8823109704674
492.0381926862629,543.0340144173284,543.034014410704,-9.223372036854776e+18
1270.917504725574,1406.058183066415,-9.223372036854776e+18,-9.223372036854778e+18
-9.223372036854778e+18,-9.223372036854778e+18,1336.7552711025978,-1.7985575471866817e+19
-9.223372036854778e+18,-1.7985575471866817e+19,-9.223372036854778e+18,-1.7985575471866817e+19
-9.223372036854778e+18,-2.6309668735128252e+19,-1.7985575471866817e+19,-1.7985575471866817e+19
-9.223372036854778e+18,-2.6309668735128252e+19,-1.7985575471866817e+19,-1.7985575471866817e+19
-9.223372036854778e+18,-2.6309668735128252e+19,-1.7985575471866817e+19,-1.7985575471866817e+19
-9.223372036854778e+18,-2.6309668735128252e+19,-1.7985575471866817e+19,-1.7985575471866817e+19
-9.223372036854778e+18,-1.7985575471866817e+19,-1.7985575471866817e+19,-9.223372036854778e+18
-9.223372036854778e+18,-9.223372036854778e+18,-1.7985575471866817e+19,1038.8801155784552
987.9361070045594,1092.5053877499463,-9.223372036854778e+18,987.936107025281
939.5392988828553,1038.88011558478,1038.8801155784552,939.5392989035494
893.562331171088,987.9361070315955,987.936107025281,-9.223372036854778e+18
-9.223372036854778e+18,-9.223372036854778e+18,939.5392989035494,-1.7985575471866817e+19
-9.223372036854778e+18,-1.7985575471866817e+19,-9.223372036854778e+18,-1.7985575471866817e+19
-9.223372036854778e+18,-1.7985575471866817e+19,-1.7985575471866817e+19,-9.223372036854778e+18
-9.223372036854778e+18,-9.223372036854778e+18,-1.7985575471866817e+19,731.521968294292
695.9458671126549,768.9704958429778,-9.223372036854778e+18,695.9458671331699
662.1485710138594,731.5219683005528,731.521968294292,662.1485710343397
630.041139724308,695.9458671394206,695.9458671331699,-9.223372036854778e+18
-9.223372036854778e+18,-9.223372036854778e+18,662.1485710343397,-1.7985575471866817e+19
-9.223372036854778e+18,-1.7985575471866817e+19,-9.223372036854778e+18,-1.7985575471866817e+19
-9.223372036854778e+18,-1.7985575471866817e+19,-1.7985575471866817e+19,-9.223372036854778e+18
-9.223372036854778e+18,-9.223372036854778e+18,-1.7985575471866817e+19,516.8823109642763
492.0381926804105,543.034014410704,-9.223372036854778e+18,492.0381927006898
468.4362803347302,516.8823109704674,516.8823109642763,-9.223372036854776e+18
1208.3716266850054,1336.7552711025978,-9.223372036854776e+18,-9.223372036854778e+18
1148.9530425499104,-9.223372036854778e+18,1270.917504740458,-9.223372036854778e+18
1092.5053876250324,-1.7985575471866817e+19,-9.223372036854778e+18,-9.223372036854778e+18
1038.8801154498838,-1.7985575471866817e+19,-9.223372036854778e+18,-9.223372036854778e+18
987.9361068870219,-1.7985575471866817e+19,-9.223372036854778e+18,-9.223372036854778e+18
939.539298755877,-1.7985575471866817e+19,-9.223372036854778e+18,-9.223372036854778e+18
893.562331034914,-1.7985575471866817e+19,-9.223372036854778e+18,-9.223372036854778e+18
849.8842118078446,-1.7985575471866817e+19,-9.223372036854778e+18,-9.223372036854778e+18
893.5623311599271,-9.223372036854778e+18,-9.223372036854778e+18,987.936107019302
939.5392988771533,1038.8801155784552,-9.223372036854778e+18,939.5392988975782
893.562331165394,987.936107025281,987.936107019302,893.5623311857903
849.8842118431406,939.5392989035494,939.5392988975782,-9.223372036854778e+18
808.3899984855208,-9.223372036854778e+18,893.5623311857903,-9.223372036854778e+18
768.9704957997609,-1.7985575471866817e+19,-9.223372036854778e+18,-9.223372036854778e+18
731.5219682523153,-1.7985575471866817e+19,-9.223372036854778e+18,-9.223372036854778e+18
695.9458670863231,-9.223372036854778e+18,-9.223372036854778e+18,695.9458671272497
662.1485710082159,731.521968294292,-9.223372036854778e+18,662.1485710284317
630.0411397186748,695.9458671331699,695.9458671272497,630.0411397388559
599.5390799979804,662.1485710343397,662.1485710284317,-9.223372036854778e+18
570.5621232623625,-9.223372036854778e+18,630.0411397388559,-9.223372036854778e+18
543.0340143679642,-1.7985575471866817e+19,-9.223372036854778e+18,-9.223372036854778e+18
516.88231092277,-1.7985575471866817e+19,-9.223372036854778e+18,-9.223372036854778e+18
492.03819265437755,-9.223372036854778e+18,-9.223372036854778e+18,492.0381926948374
468.4362803291517,516.8823109642763,-9.223372036854778e+18,468.43628034913127
446.0144636055211,492.0381927006898,492.0381926948374,-9.223372036854776e+18
1148.9530425499104,1270.917504740458,-9.223372036854776e+18,1148.9530425647615
1092.5053876250324,-9.223372036854778e+18,1208.371626699873,1092.505387639861
1038.8801154498838,-9.223372036854778e+18,1148.9530425647615,1038.8801154646976
987.9361068870219,-9.223372036854778e+18,1092.505387639861,987.9361069018161
939.539298755877,-9.223372036854778e+18,1038.8801154646976,939.5392987706506
893.562331034914,-9.223372036854778e+18,987.9361069018161,893.5623310496685
849.8842117036806,-9.223372036854778e+18,939.5392987706506,849.8842118078447
808.3899984506301,-9.223372036854778e+18,893.5623310496685,893.5623311599271
849.8842118324058,-9.223372036854778e+18,849.8842118078447,939.5392988918769
893.5623311599271,987.936107019302,893.5623311599271,893.5623311800977
849.8842118376781,939.5392988975782,939.5392988918769,849.8842118578202
808.3899984855208,893.5623311857903,893.5623311800977,808.3899985001806
768.9704957997609,-9.223372036854778e+18,849.8842118578202,768.9704958144001
731.5219682523153,-9.223372036854778e+18,808.3899985001806,731.5219682669322
695.9458670863231,-9.223372036854778e+18,768.9704958144001,695.9458671009183
662.1485709827662,-9.223372036854778e+18,731.5219682669322,662.1485710227873
630.0411397132625,695.9458671272497,695.9458671009183,630.0411397332234
599.5390799925767,662.1485710284317,662.1485710227873,599.539080012505
570.5621232623625,630.0411397388559,630.0411397332234,570.5621232768635
543.0340143679642,-9.223372036854778e+18,599.539080012505,543.0340143824412
516.88231092277,-9.223372036854778e+18,570.5621232768635,516.8823109372239
492.03819265437755,-9.223372036854778e+18,543.0340143824412,492.0381926688061
468.4362803039972,-9.223372036854778e+18,516.8823109372239,468.43628034355385
446.0144636001719,492.0381926948374,492.0381926688061,446.01446361989673
424.713737717553,468.43628034913127,468.43628034355385,-9.223372036854776e+18
1092.5053876250324,1208.371626699873,-9.223372036854776e+18,1092.505387639861
1038.8801154498838,1148.9530425499104,1148.9530425647615,1038.8801154646976
987.9361068870219,1092.5053876250324,1092.505387639861,987.9361069018161
939.539298755877,1038.8801154498838,1038.8801154646976,939.5392987706506
893.562331034914,987.9361068870219,987.9361069018161,893.5623310496685
849.8842117036806,939.539298755877,939.5392987706506,849.8842117184149
808.3899983427466,893.562331034914,893.5623310496685,808.3899984506302
768.9704957652275,849.8842118078446,849.8842117184149,849.8842118324058
808.3899984751574,893.5623311599271,808.3899984506302,893.562331174628
849.8842118324058,939.5392988918769,849.8842118324058,849.8842118523594
808.3899984802579,893.5623311800977,893.562331174628,808.3899985001806
768.9704957997609,849.8842118578202,849.8842118523594,768.9704958144001
731.5219682523153,808.3899984855208,808.3899985001806,731.5219682669322
695.9458670863231,768.9704957997609,768.9704958144001,695.9458671009183
662.1485709827662,731.5219682523153,731.5219682669322,662.1485709973402
630.0411396885859,695.9458670863231,695.9458671009183,630.0411397278099
599.5390799873616,662.1485710227873,662.1485709973402,599.5390800071021
570.5621232571566,630.0411397332234,630.0411397278099,570.5621232768635
543.0340143679642,599.539080012505,599.5390800071021,543.0340143824412
516.88231092277,570.5621232623625,570.5621232768635,516.8823109372239
492.03819265437755,543.0340143679642,543.0340143824412,492.0381926688061
468.4362803039972,516.88231092277,516.8823109372239,468.4362803184014
446.0144635757869,492.03819265437755,492.0381926688061,446.0144636145487
424.71373771239877,468.43628034355385,468.4362803184014,424.7137377319034
404.4780481288024,446.01446361989673,446.0144636145487,-9.223372036854776e+18
1038.8801154498838,1148.9530425647615,-9.223372036854776e+18,1038.8801154646976
987.9361068870219,1092.5053876250324,1092.505387639861,987.9361069018161
939.539298755877,1038.8801154498838,1038.8801154646976,939.5392987706506
-9.223372036854778e+18,987.9361068870219,987.9361069018161,893.5623310496685
-9.223372036854778e+18,939.539298755877,939.5392987706506,849.8842117184149
-9.223372036854778e+18,893.562331034914,893.5623310496685,808.3899983574609
-9.223372036854778e+18,849.8842117036806,849.8842117184149,768.9704957652275
-9.223372036854778e+18,808.3899984506301,808.3899983574609,808.3899984751574
-9.223372036854778e+18,849.8842118324058,768.9704957652275,849.8842118470874
-9.223372036854778e+18,893.562331174628,808.3899984751574,808.3899984949182
-9.223372036854778e+18,849.8842118523594,849.8842118470874,768.9704958144001
-9.223372036854778e+18,808.3899985001806,808.3899984949182,731.5219682669322
-9.223372036854778e+18,768.9704957997609,768.9704958144001,695.9458671009183
-9.223372036854778e+18,731.5219682523153,731.5219682669322,662.1485709973402
-9.223372036854778e+18,695.9458670863231,695.9458671009183,630.0411397031369
-9.223372036854778e+18,662.1485709827662,662.1485709973402,599.5390800018854
-9.223372036854778e+18,630.0411397278099,630.0411397031369,570.5621232716562
-9.223372036854778e+18,599.5390800071021,599.5390800018854,543.0340143824412
-9.223372036854778e+18,570.5621232768635,570.5621232716562,516.8823109372239
-9.223372036854778e+18,543.0340143679642,543.0340143824412,492.0381926688061
-9.223372036854778e+18,516.88231092277,516.8823109372239,468.4362803184014
-9.223372036854778e+18,492.03819265437755,492.0381926688061,446.0144635901659
-9.223372036854778e+18,468.4362803039972,468.4362803184014,424.71373772675037
-9.223372036854778e+18,446.0144636145487,446.0144635901659,404.4780481431266
385.2541430243557,424.7137377319034,424.71373772675037,-9.223372036854776e+18
987.9361068870219,1092.505387639861,-9.223372036854776e+18,987.9361069018161
939.539298755877,1038.8801154498838,1038.8801154646976,939.5392987706506
893.562331034914,987.9361068870219,987.9361069018161,-9.223372036854778e+18
-9.223372036854778e+18,939.539298755877,939.5392987706506,-9.223372036854778e+18
-9.223372036854778e+18,893.562331034914,-9.223372036854778e+18,-9.223372036854778e+18
-9.223372036854778e+18,849.8842117036806,-9.223372036854778e+18,-9.223372036854778e+18
-9.223372036854778e+18,808.3899983427466,-9.223372036854778e+18,-9.223372036854778e+18
-9.223372036854778e+18,768.9704957652275,-9.223372036854778e+18,-9.223372036854778e+18
-9.223372036854778e+18,808.3899984751574,-9.223372036854778e+18,-9.223372036854778e+18
-9.223372036854778e+18,849.8842118470874,-9.223372036854778e+18,-9.223372036854778e+18
-9.223372036854778e+18,808.3899984949182,-9.223372036854778e+18,-9.223372036854778e+18
-9.223372036854778e+18,768.9704958144001,-9.223372036854778e+18,-9.223372036854778e+18
-9.223372036854778e+18,731.5219682523153,-9.223372036854778e+18,-9.223372036854778e+18
-9.223372036854778e+18,695.9458670863231,-9.223372036854778e+18,-9.223372036854778e+18
-9.223372036854778e+18,662.1485709827662,-9.223372036854778e+18,-9.223372036854778e+18
-9.223372036854778e+18,630.0411396885859,-9.223372036854778e+18,-9.223372036854778e+18
-9.223372036854778e+18,599.5390800018854,-9.223372036854778e+18,-9.223372036854778e+18
-9.223372036854778e+18,570.5621232716562,-9.223372036854778e+18,-9.223372036854778e+18
-9.223372036854778e+18,543.0340143824412,-9.223372036854778e+18,-9.223372036854778e+18
-9.223372036854778e+18,516.88231092277,-9.223372036854778e+18,-9.223372036854778e+18
-9.223372036854778e+18,492.03819265437755,-9.223372036854778e+18,-9.223372036854778e+18
-9.223372036854778e+18,468.4362803039972,-9.223372036854778e+18,-9.223372036854778e+18
-9.223372036854778e+18,446.0144635757869,-9.223372036854778e+18,-9.223372036854778e+18
-9.223372036854778e+18,424.71373772675037,-9.223372036854778e+18,385.25414303865495
366.99143318004843,404.4780481431266,-9.223372036854778e+18,-9.223372036854776e+18
939.539298755877,1038.8801154646976,-9.223372036854776e+18,939.5392987706506
893.562331034914,987.9361068870219,987.9361069018161,893.5623310496685
849.8842117036806,939.539298755877,939.5392987706506,-9.223372036854778e+18
808.3899983427466,-9.223372036854778e+18,893.5623310496685,-9.223372036854778e+18
768.9704956536582,-9.223372036854778e+18,-9.223372036854778e+18,-9.223372036854778e+18
731.5219681028861,-9.223372036854778e+18,-9.223372036854778e+18,-9.223372036854778e+18
695.9458669335778,-9.223372036854778e+18,-9.223372036854778e+18,-9.223372036854778e+18
662.1485708267251,-9.223372036854778e+18,-9.223372036854778e+18,-9.223372036854778e+18
630.0411395292681,-9.223372036854778e+18,-9.223372036854778e+18,-9.223372036854778e+18
599.5390798008036,-9.223372036854778e+18,-9.223372036854778e+18,-9.223372036854778e+18
570.5621230629449,-9.223372036854778e+18,-9.223372036854778e+18,-9.223372036854778e+18
543.0340141662326,-9.223372036854778e+18,-9.223372036854778e+18,-9.223372036854778e+18
516.882310718668,-9.223372036854778e+18,-9.223372036854778e+18,-9.223372036854778e+18
492.0381924478639,-9.223372036854778e+18,-9.223372036854778e+18,-9.223372036854778e+18
468.43628009504596,-9.223372036854778e+18,-9.223372036854778e+18,-9.223372036854778e+18
446.0144633643796,-9.223372036854778e+18,-9.223372036854778e+18,-9.223372036854778e+18
424.71373747482215,-9.223372036854778e+18,-9.223372036854778e+18,-9.223372036854778e+18
404.47804788438117,-9.223372036854778e+18,-9.223372036854778e+18,-9.223372036854778e+18
385.25414277816645,-9.223372036854778e+18,-9.223372036854778e+18,-9.223372036854778e+18
366.99143293202775,-9.223372036854778e+18,-9.223372036854778e+18,-9.223372036854778e+18
349.64185858302557,-9.223372036854778e+18,-9.223372036854778e+18,-9.223372036854778e+18
333.15976295636324,-9.223372036854778e+18,-9.223372036854778e+18,-9.223372036854778e+18
317.50177234600403,-9.223372036854778e+18,-9.223372036854778e+18,-9.223372036854778e+18
333.1597632081774,-9.223372036854778e+18,-9.223372036854778e+18,366.9914331943207
349.641858832924,385.25414303865495,-9.223372036854778e+18,-9.223372036854776e+18
892.562331034914,987.9361069018161,-9.223372036854776e+18,893.5623310496685
849.8842116790279,939.539298755877,939.5392987706506,849.8842117184149
808.3899983181294,893.562331034914,893.5623310496685,808.3899983574609
768.9704956290761,-9.223372036854778e+18,849.8842117184149,768.9704956683531
731.5219680783381,-9.223372036854778e+18,808.3899983574609,731.5219681175611
695.9458669090656,-9.223372036854778e+18,768.9704956683531,695.9458669482316
662.1485708022493,-9.223372036854778e+18,731.5219681175611,662.148570841357
630.0411395048279,-9.223372036854778e+18,695.9458669482316,630.0411395438778
599.5390797763993,-9.223372036854778e+18,662.148570841357,599.5390798153902
570.5621230385805,-9.223372036854778e+18,630.0411395438778,570.5621230775107
543.0340141419039,-9.223372036854778e+18,599.5390798153902,543.0340141807746
516.8823106943792,-9.223372036854778e+18,570.5621230775107,516.8823107331875
492.0381924236145,-9.223372036854778e+18,543.0340141807746,492.0381924623597
468.43628007083606,-9.223372036854778e+18,516.8823107331875,468.43628010951835
446.0144633402101,-9.223372036854778e+18,492.0381924623597,446.01446337882777
424.71373745069246,-9.223372036854778e+18,468.43628010951835,424.7137374892459
404.47804786029457,-9.223372036854778e+18,446.01446337882777,404.47804789878097
385.2541427541214,-9.223372036854778e+18,424.7137374892459,385.25414279253965
366.99143290802544,-9.223372036854778e+18,404.47804789878097,366.99143294637605
349.6418585590655,-9.223372036854778e+18,385.25414279253965,349.64185859734727
333.15976293244745,-9.223372036854778e+18,366.99143294637605,333.15976297065873
317.50177209211563,-9.223372036854778e+18,349.64185859734727,317.50177234600403
302.6266810546698,-9.223372036854778e+18,333.15976297065873,333.1597632081774
317.50177236974423,-9.223372036854778e+18,317.50177234600403,349.6418588471693
333.1597632081774,366.9914331943207,333.1597632081774,-9.223372036854776e+18
-9.223372036854776e+18,939.5392987706506,-9.223372036854776e+18,849.8842116938165
-9.223372036854776e+18,893.562331034914,892.5623310496685,808.3899983328968
-9.223372036854776e+18,849.8842117036806,849.8842116938165,768.9704956438217
-9.223372036854776e+18,808.3899983427466,808.3899983328968,731.5219680930644
-9.223372036854776e+18,768.9704956536582,768.9704956438217,695.9458669237705
-9.223372036854776e+18,731.5219681028861,731.5219680930644,662.148570816932
-9.223372036854776e+18,695.9458669335778,695.9458669237705,630.0411395194894
-9.223372036854776e+18,662.1485708267251,662.148570816932,599.5390797910374
-9.223372036854776e+18,630.0411395292681,630.0411395194894,570.5621230531959
-9.223372036854776e+18,599.5390798008036,599.5390797910374,543.0340141564975
-9.223372036854776e+18,570.5621230629449,570.5621230531959,516.882310708949
-9.223372036854776e+18,543.0340141662326,543.0340141564975,492.03819243816116
-9.223372036854776e+18,516.882310718668,516.882310708949,468.4362800853593
-9.223372036854776e+18,492.0381924478639,492.03819243816116,446.0144633547083
-9.223372036854776e+18,468.43628009504596,468.4362800853593,424.7137374651668
-9.223372036854776e+18,446.0144633643796,446.0144633547083,404.47804787474354
-9.223372036854776e+18,424.71373747482215,424.7137374651668,385.25414276854485
-9.223372036854776e+18,404.47804788438117,404.47804787474354,366.9914329224239
-9.223372036854776e+18,385.25414277816645,385.25414276854485,349.6418585734379
-9.223372036854776e+18,366.99143293202775,366.9914329224239,333.1597629467937
-9.223372036854776e+18,349.64185858302557,349.6418585734379,317.50177210643506
-9.223372036854776e+18,333.15976295636324,333.1597629467937,302.6266810546698
-9.223372036854776e+18,317.50177234600403,317.50177210643506,317.50177236974423
-9.223372036854776e+18,333.1597632081774,302.6266810546698,333.15976322239646
-9.223372036854776e+18,349.6418588471693,317.50177236974423,-9.223372036854776e+18
